Set,RMSE,R^2
Train,0.08926981854646487,0.9408260888424214
Test,0.11095682480251796,0.8644123544092297
